{
  "train": {
    "total_return": 0.15025547988298804,
    "annual_return": NaN,
    "annual_volatility": 1.7200069683185804,
    "sharpe_ratio": NaN,
    "sortino_ratio": NaN,
    "calmar_ratio": NaN,
    "max_drawdown": -0.23289037311383934,
    "max_drawdown_duration_bars": 332,
    "win_rate": 0.28,
    "profit_factor": 0.7304711227016234,
    "avg_win": 23.833392564991073,
    "avg_loss": -12.688443478467276,
    "num_trades": 50,
    "num_wins": 14,
    "num_losses": 36.0,
    "avg_bars_held": 122.54,
    "exposure_pct_avg": 0.20364129515753568,
    "final_equity": 11502.55479882988,
    "initial_capital": 10000.0
  },
  "val": {
    "total_return": 0.417119674179778,
    "annual_return": NaN,
    "annual_volatility": 2.6941051949974537,
    "sharpe_ratio": NaN,
    "sortino_ratio": NaN,
    "calmar_ratio": NaN,
    "max_drawdown": -0.1291695498273987,
    "max_drawdown_duration_bars": 105,
    "win_rate": 0.3333333333333333,
    "profit_factor": 1.2029436640090376,
    "avg_win": 34.90578611265435,
    "avg_loss": -14.50848745332105,
    "num_trades": 9,
    "num_wins": 3,
    "num_losses": 6.0,
    "avg_bars_held": 134.11111111111111,
    "exposure_pct_avg": 0.22178472244287817,
    "final_equity": 14171.196741797781,
    "initial_capital": 10000.0
  },
  "test": {
    "total_return": 0.3320381204009968,
    "annual_return": NaN,
    "annual_volatility": 2.8163975573759235,
    "sharpe_ratio": NaN,
    "sortino_ratio": NaN,
    "calmar_ratio": NaN,
    "max_drawdown": -0.1630721572449903,
    "max_drawdown_duration_bars": 107,
    "win_rate": 0.4117647058823529,
    "profit_factor": 1.224319362823711,
    "avg_win": 24.10704334211091,
    "avg_loss": -13.783111540895769,
    "num_trades": 17,
    "num_wins": 7,
    "num_losses": 10.0,
    "avg_bars_held": 121.94117647058823,
    "exposure_pct_avg": 0.1804660675405773,
    "final_equity": 13320.381204009967,
    "initial_capital": 10000.0
  }
}