{
  "train": {
    "total_return": 0.22100476396139213,
    "annual_return": NaN,
    "annual_volatility": 2.028576974085363,
    "sharpe_ratio": NaN,
    "sortino_ratio": NaN,
    "calmar_ratio": NaN,
    "max_drawdown": -0.2729698726673113,
    "max_drawdown_duration_bars": 329,
    "win_rate": 0.3972602739726027,
    "profit_factor": 1.151593548869982,
    "avg_win": 23.65926170096999,
    "avg_loss": -13.540892373193213,
    "num_trades": 73,
    "num_wins": 29,
    "num_losses": 44.0,
    "avg_bars_held": 144.013698630137,
    "exposure_pct_avg": 0.2838735721811786,
    "final_equity": 12210.047639613922,
    "initial_capital": 10000.0
  },
  "val": {
    "total_return": 0.48812975970671424,
    "annual_return": NaN,
    "annual_volatility": 3.5313080662356313,
    "sharpe_ratio": NaN,
    "sortino_ratio": NaN,
    "calmar_ratio": NaN,
    "max_drawdown": -0.21721460488947827,
    "max_drawdown_duration_bars": 66,
    "win_rate": 0.4,
    "profit_factor": 1.326776561113185,
    "avg_win": 30.975964448881943,
    "avg_loss": -15.564521993511178,
    "num_trades": 20,
    "num_wins": 8,
    "num_losses": 12.0,
    "avg_bars_held": 124.9,
    "exposure_pct_avg": 0.27603451011836144,
    "final_equity": 14881.297597067141,
    "initial_capital": 10000.0
  },
  "test": {
    "total_return": 0.2606390913792338,
    "annual_return": NaN,
    "annual_volatility": 3.701740226998001,
    "sharpe_ratio": NaN,
    "sortino_ratio": NaN,
    "calmar_ratio": NaN,
    "max_drawdown": -0.24098231398953127,
    "max_drawdown_duration_bars": 128,
    "win_rate": 0.3333333333333333,
    "profit_factor": 0.8823150103353541,
    "avg_win": 26.129686451437983,
    "avg_loss": -14.807458869767215,
    "num_trades": 27,
    "num_wins": 9,
    "num_losses": 18.0,
    "avg_bars_held": 121.07407407407408,
    "exposure_pct_avg": 0.25411552012171035,
    "final_equity": 12606.390913792338,
    "initial_capital": 10000.0
  }
}