{
  "train": {
    "total_return": -0.06549559284872664,
    "annual_return": NaN,
    "annual_volatility": 4.084761878264908,
    "sharpe_ratio": NaN,
    "sortino_ratio": NaN,
    "calmar_ratio": NaN,
    "max_drawdown": -0.4358522576961929,
    "max_drawdown_duration_bars": 574,
    "win_rate": 0.2765957446808511,
    "profit_factor": 0.7469786424057157,
    "avg_win": 29.0311721346218,
    "avg_loss": -14.860068844437022,
    "num_trades": 235,
    "num_wins": 65,
    "num_losses": 170.0,
    "avg_bars_held": 133.31914893617022,
    "exposure_pct_avg": 0.19860394440093945,
    "final_equity": 9345.044071512733,
    "initial_capital": 10000.0
  },
  "val": {
    "total_return": 0.05301974981230351,
    "annual_return": NaN,
    "annual_volatility": 1.5796810032270865,
    "sharpe_ratio": NaN,
    "sortino_ratio": NaN,
    "calmar_ratio": NaN,
    "max_drawdown": -0.2130738598242367,
    "max_drawdown_duration_bars": 437,
    "win_rate": 0.31343283582089554,
    "profit_factor": 0.8912588092430989,
    "avg_win": 24.753166751137606,
    "avg_loss": -12.679099064178471,
    "num_trades": 67,
    "num_wins": 21,
    "num_losses": 46.0,
    "avg_bars_held": 124.73134328358209,
    "exposure_pct_avg": 0.18942675165099082,
    "final_equity": 10530.197498123034,
    "initial_capital": 10000.0
  },
  "test": {
    "total_return": 0.20593833407083428,
    "annual_return": NaN,
    "annual_volatility": 3.102408027517293,
    "sharpe_ratio": NaN,
    "sortino_ratio": NaN,
    "calmar_ratio": NaN,
    "max_drawdown": -0.2844233736529999,
    "max_drawdown_duration_bars": 324,
    "win_rate": 0.2948717948717949,
    "profit_factor": 0.8348202067757605,
    "avg_win": 27.189008751033942,
    "avg_loss": -13.619638123017785,
    "num_trades": 78,
    "num_wins": 23,
    "num_losses": 55.0,
    "avg_bars_held": 130.06410256410257,
    "exposure_pct_avg": 0.19624030780744472,
    "final_equity": 12059.383340708344,
    "initial_capital": 10000.0
  }
}