{
  "train": {
    "total_return": -0.04694731477483982,
    "annual_return": NaN,
    "annual_volatility": 3.5272905660202065,
    "sharpe_ratio": NaN,
    "sortino_ratio": NaN,
    "calmar_ratio": NaN,
    "max_drawdown": -0.37753524730686117,
    "max_drawdown_duration_bars": 573,
    "win_rate": 0.2898550724637681,
    "profit_factor": 0.7759757881833389,
    "avg_win": 27.18419450317801,
    "avg_loss": -14.298886333953943,
    "num_trades": 207,
    "num_wins": 60,
    "num_losses": 147.0,
    "avg_bars_held": 135.0,
    "exposure_pct_avg": 0.18372925945684154,
    "final_equity": 9530.526852251602,
    "initial_capital": 10000.0
  },
  "val": {
    "total_return": 0.017142538690908093,
    "annual_return": NaN,
    "annual_volatility": 1.856602345663832,
    "sharpe_ratio": NaN,
    "sortino_ratio": NaN,
    "calmar_ratio": NaN,
    "max_drawdown": -0.23647789123679044,
    "max_drawdown_duration_bars": 217,
    "win_rate": 0.208955223880597,
    "profit_factor": 0.5014823712247768,
    "avg_win": 23.949390239771827,
    "avg_loss": -12.615107506470101,
    "num_trades": 67,
    "num_wins": 14,
    "num_losses": 53.0,
    "avg_bars_held": 124.41791044776119,
    "exposure_pct_avg": 0.1993535954519649,
    "final_equity": 10171.42538690908,
    "initial_capital": 10000.0
  },
  "test": {
    "total_return": 0.01996356133908672,
    "annual_return": NaN,
    "annual_volatility": 2.9047855073643802,
    "sharpe_ratio": NaN,
    "sortino_ratio": NaN,
    "calmar_ratio": NaN,
    "max_drawdown": -0.29917455907558643,
    "max_drawdown_duration_bars": 333,
    "win_rate": 0.4057971014492754,
    "profit_factor": 1.3493897068576104,
    "avg_win": 27.536407110587096,
    "avg_loss": -13.936189895257948,
    "num_trades": 69,
    "num_wins": 28,
    "num_losses": 41.0,
    "avg_bars_held": 145.43478260869566,
    "exposure_pct_avg": 0.2065323378360758,
    "final_equity": 10199.635613390867,
    "initial_capital": 10000.0
  }
}