{
  "label": "wf_1d_90_60_live_gating_v2",
  "interval": "1d",
  "n_windows": 12,
  "oos_wins": 4,
  "oos_win_rate": 0.3333333333333333,
  "avg_train_return": 0.008802404861082783,
  "avg_oos_return": 0.0010302654167691032,
  "compounded_oos": -0.019859188577124653,
  "train_oos_gap": 0.0077721394443136796,
  "verdict": "\u274c NO EDGE: unprofitable in majority of OOS windows"
}