{
  "label": "wf_4h_90d",
  "interval": "4h",
  "n_windows": 8,
  "oos_wins": 5,
  "oos_win_rate": 0.625,
  "avg_train_return": 0.03508240607300607,
  "avg_oos_return": 0.05933858678031363,
  "compounded_oos": 0.6679839699460706,
  "train_oos_gap": -0.024256180707307562,
  "verdict": "\ud83d\udfe2 ROBUST EDGE: profitable in >60% of OOS windows with positive avg return"
}