{
  "label": "wf_4h_baseline_v1",
  "interval": "4h",
  "n_windows": 8,
  "oos_wins": 6,
  "oos_win_rate": 0.75,
  "avg_train_return": 0.07432422660101969,
  "avg_oos_return": 0.09447733272736124,
  "compounded_oos": 1.1844581309286402,
  "train_oos_gap": -0.020153106126341552,
  "verdict": "\ud83d\udfe2 ROBUST EDGE: profitable in >60% of OOS windows with positive avg return"
}