{
  "train": {
    "total_return": -0.9596788258411688,
    "annual_return": -1.0,
    "annual_volatility": 2.580948380773258,
    "sharpe_ratio": -0.3874544750485857,
    "sortino_ratio": -0.291897973690218,
    "calmar_ratio": -1.0419731519683404,
    "max_drawdown": -0.9597176262276519,
    "max_drawdown_duration_bars": 396,
    "win_rate": 0.3972602739726027,
    "profit_factor": 0.6335781485116929,
    "avg_win": 4.712404370883295,
    "avg_loss": -4.9021622480279134,
    "num_trades": 73,
    "num_wins": 29,
    "num_losses": 44.0,
    "avg_bars_held": 144.013698630137,
    "exposure_pct_avg": 0.38162419362119093,
    "final_equity": 403.2117415883122,
    "initial_capital": 10000.0
  },
  "val": {
    "total_return": -0.9335396062967567,
    "annual_return": -1.0,
    "annual_volatility": 4.283488368780341,
    "sharpe_ratio": -0.23345458512000933,
    "sortino_ratio": -0.18552061394227598,
    "calmar_ratio": -1.0711918308071404,
    "max_drawdown": -0.9335396062967568,
    "max_drawdown_duration_bars": 141,
    "win_rate": 0.38095238095238093,
    "profit_factor": 3.4443397999774716,
    "avg_win": 15.060192650463321,
    "avg_loss": -2.6907365126646914,
    "num_trades": 21,
    "num_wins": 8,
    "num_losses": 13.0,
    "avg_bars_held": 130.42857142857142,
    "exposure_pct_avg": 0.7893615286287983,
    "final_equity": 664.6039370324331,
    "initial_capital": 10000.0
  },
  "test": {
    "total_return": -0.9783963262268531,
    "annual_return": -1.0,
    "annual_volatility": 6.376035115188288,
    "sharpe_ratio": -0.15683727927060975,
    "sortino_ratio": -0.12462074366347774,
    "calmar_ratio": -1.0220371087873934,
    "max_drawdown": -0.9784380541587776,
    "max_drawdown_duration_bars": 150,
    "win_rate": 0.3333333333333333,
    "profit_factor": 2.300329537598038,
    "avg_win": 12.601826232287713,
    "avg_loss": -2.7391349861651357,
    "num_trades": 27,
    "num_wins": 9,
    "num_losses": 18.0,
    "avg_bars_held": 121.25925925925925,
    "exposure_pct_avg": 0.5959365576458969,
    "final_equity": 216.03673773146912,
    "initial_capital": 10000.0
  }
}