{
  "train": {
    "total_return": -0.020714064758197814,
    "annual_return": NaN,
    "annual_volatility": 0.17800382404820822,
    "sharpe_ratio": NaN,
    "sortino_ratio": NaN,
    "calmar_ratio": NaN,
    "max_drawdown": -0.10438462775182417,
    "max_drawdown_duration_bars": 878,
    "win_rate": 0.3237410071942446,
    "profit_factor": 0.8938252739421082,
    "avg_win": 38.75112341153892,
    "avg_loss": -20.754693628736472,
    "num_trades": 139,
    "num_wins": 45,
    "num_losses": 94.0,
    "avg_bars_held": 150.53956834532374,
    "exposure_pct_avg": 0.21166673565332292,
    "final_equity": 9792.859352418021,
    "initial_capital": 10000.0
  },
  "val": {
    "total_return": -0.0003993858249792259,
    "annual_return": NaN,
    "annual_volatility": 0.11557505283536984,
    "sharpe_ratio": NaN,
    "sortino_ratio": NaN,
    "calmar_ratio": NaN,
    "max_drawdown": -0.024991369451672962,
    "max_drawdown_duration_bars": 473,
    "win_rate": 0.35135135135135137,
    "profit_factor": 1.016677364159104,
    "avg_win": 38.80142130726752,
    "avg_loss": -20.67267088101262,
    "num_trades": 37,
    "num_wins": 13,
    "num_losses": 24.0,
    "avg_bars_held": 132.75675675675674,
    "exposure_pct_avg": 0.24102978218779436,
    "final_equity": 9996.006141750207,
    "initial_capital": 10000.0
  },
  "test": {
    "total_return": -0.10703442003538788,
    "annual_return": NaN,
    "annual_volatility": 0.2355488557397268,
    "sharpe_ratio": NaN,
    "sortino_ratio": NaN,
    "calmar_ratio": NaN,
    "max_drawdown": -0.11976076341968753,
    "max_drawdown_duration_bars": 496,
    "win_rate": 0.15841584158415842,
    "profit_factor": 0.3537021254427185,
    "avg_win": 37.13060578697372,
    "avg_loss": -19.760385924537818,
    "num_trades": 101,
    "num_wins": 16,
    "num_losses": 85.0,
    "avg_bars_held": 159.07920792079207,
    "exposure_pct_avg": 0.4521608395266724,
    "final_equity": 8929.655799646122,
    "initial_capital": 10000.0
  }
}