{
  "train": {
    "total_return": 1.0908876299982952,
    "annual_return": NaN,
    "annual_volatility": 3.6411583047481746,
    "sharpe_ratio": NaN,
    "sortino_ratio": NaN,
    "calmar_ratio": NaN,
    "max_drawdown": -0.5412291862422227,
    "max_drawdown_duration_bars": 643,
    "win_rate": 0.31,
    "profit_factor": 1.0966754476329388,
    "avg_win": 152.4438690477622,
    "avg_loss": -62.45172593910652,
    "num_trades": 100,
    "num_wins": 31,
    "num_losses": 69.0,
    "avg_bars_held": 166.98,
    "exposure_pct_avg": 0.6110590365934654,
    "final_equity": 20908.876299982952,
    "initial_capital": 10000.0
  },
  "val": {
    "total_return": 0.48603252198683444,
    "annual_return": NaN,
    "annual_volatility": 2.1028827615802874,
    "sharpe_ratio": NaN,
    "sortino_ratio": NaN,
    "calmar_ratio": NaN,
    "max_drawdown": -0.1810820671088252,
    "max_drawdown_duration_bars": 293,
    "win_rate": 0.14285714285714285,
    "profit_factor": 0.3862038458630409,
    "avg_win": 121.59231645707153,
    "avg_loss": -52.47328915353496,
    "num_trades": 21,
    "num_wins": 3,
    "num_losses": 18.0,
    "avg_bars_held": 221.61904761904762,
    "exposure_pct_avg": 0.6006171933635961,
    "final_equity": 14860.325219868344,
    "initial_capital": 10000.0
  },
  "test": {
    "total_return": -0.02480579531601501,
    "annual_return": NaN,
    "annual_volatility": 1.506512107867616,
    "sharpe_ratio": NaN,
    "sortino_ratio": NaN,
    "calmar_ratio": NaN,
    "max_drawdown": -0.18963605578042048,
    "max_drawdown_duration_bars": 251,
    "win_rate": 0.07142857142857142,
    "profit_factor": 0.1771601635700982,
    "avg_win": 91.49499782620404,
    "avg_loss": -39.727197209755595,
    "num_trades": 42,
    "num_wins": 3,
    "num_losses": 39.0,
    "avg_bars_held": 189.42857142857142,
    "exposure_pct_avg": 0.6927218857124836,
    "final_equity": 9751.94204683985,
    "initial_capital": 10000.0
  }
}