{
  "train": {
    "total_return": 0.059270960476281775,
    "annual_return": NaN,
    "annual_volatility": 0.30221158664093506,
    "sharpe_ratio": NaN,
    "sortino_ratio": NaN,
    "calmar_ratio": NaN,
    "max_drawdown": -0.12170816929104887,
    "max_drawdown_duration_bars": 627,
    "win_rate": 0.3582089552238806,
    "profit_factor": 1.2946131946395114,
    "avg_win": 100.8232187584005,
    "avg_loss": -43.46736512210722,
    "num_trades": 67,
    "num_wins": 24,
    "num_losses": 43.0,
    "avg_bars_held": 164.16417910447763,
    "exposure_pct_avg": 0.4696769307074721,
    "final_equity": 10592.709604762818,
    "initial_capital": 10000.0
  },
  "val": {
    "total_return": 0.012200049215228326,
    "annual_return": NaN,
    "annual_volatility": 0.23134896891490078,
    "sharpe_ratio": NaN,
    "sortino_ratio": NaN,
    "calmar_ratio": NaN,
    "max_drawdown": -0.035938383392546215,
    "max_drawdown_duration_bars": 425,
    "win_rate": 0.3125,
    "profit_factor": 1.092335357112067,
    "avg_win": 97.62074363650997,
    "avg_loss": -40.62219995023955,
    "num_trades": 16,
    "num_wins": 5,
    "num_losses": 11.0,
    "avg_bars_held": 196.3125,
    "exposure_pct_avg": 0.5534847050377706,
    "final_equity": 10122.000492152283,
    "initial_capital": 10000.0
  },
  "test": {
    "total_return": -0.16578113309670173,
    "annual_return": NaN,
    "annual_volatility": 0.3852301437018417,
    "sharpe_ratio": NaN,
    "sortino_ratio": NaN,
    "calmar_ratio": NaN,
    "max_drawdown": -0.18313171116437837,
    "max_drawdown_duration_bars": 496,
    "win_rate": 0.0,
    "profit_factor": 0.0,
    "avg_win": 0.0,
    "avg_loss": -38.076674231234676,
    "num_trades": 42,
    "num_wins": 0,
    "num_losses": 42.0,
    "avg_bars_held": 190.6904761904762,
    "exposure_pct_avg": 0.7470765884525755,
    "final_equity": 8342.188669032983,
    "initial_capital": 10000.0
  }
}