{
  "train": {
    "total_return": 0.04085551495008466,
    "annual_return": NaN,
    "annual_volatility": 0.237209735307429,
    "sharpe_ratio": NaN,
    "sortino_ratio": NaN,
    "calmar_ratio": NaN,
    "max_drawdown": -0.1065364432847734,
    "max_drawdown_duration_bars": 893,
    "win_rate": 0.2967741935483871,
    "profit_factor": 1.1804429699392311,
    "avg_win": 59.861065570578695,
    "avg_loss": -21.400837382478823,
    "num_trades": 155,
    "num_wins": 46,
    "num_losses": 109.0,
    "avg_bars_held": 151.04516129032257,
    "exposure_pct_avg": 0.31042050233426915,
    "final_equity": 10408.555149500848,
    "initial_capital": 10000.0
  },
  "val": {
    "total_return": 0.025864627953986474,
    "annual_return": NaN,
    "annual_volatility": 0.17528268947198516,
    "sharpe_ratio": NaN,
    "sortino_ratio": NaN,
    "calmar_ratio": NaN,
    "max_drawdown": -0.03200005963951379,
    "max_drawdown_duration_bars": 180,
    "win_rate": 0.3409090909090909,
    "profit_factor": 1.464235074575417,
    "avg_win": 58.963580454596105,
    "avg_loss": -20.828898455567582,
    "num_trades": 44,
    "num_wins": 15,
    "num_losses": 29.0,
    "avg_bars_held": 146.11363636363637,
    "exposure_pct_avg": 0.40447381795962756,
    "final_equity": 10258.646279539866,
    "initial_capital": 10000.0
  },
  "test": {
    "total_return": -0.10938941785686784,
    "annual_return": NaN,
    "annual_volatility": 0.3138498142688696,
    "sharpe_ratio": NaN,
    "sortino_ratio": NaN,
    "calmar_ratio": NaN,
    "max_drawdown": -0.12420557876218269,
    "max_drawdown_duration_bars": 496,
    "win_rate": 0.12264150943396226,
    "profit_factor": 0.3954998339673696,
    "avg_win": 55.81602885703566,
    "avg_loss": -19.727544546991343,
    "num_trades": 106,
    "num_wins": 13,
    "num_losses": 93.0,
    "avg_bars_held": 162.02830188679246,
    "exposure_pct_avg": 0.6184150631234644,
    "final_equity": 8906.105821431322,
    "initial_capital": 10000.0
  }
}