{
  "train": {
    "total_return": 0.2384538221186101,
    "annual_return": NaN,
    "annual_volatility": 6.698994498910415,
    "sharpe_ratio": NaN,
    "sortino_ratio": NaN,
    "calmar_ratio": NaN,
    "max_drawdown": -0.576111203686783,
    "max_drawdown_duration_bars": 641,
    "win_rate": 0.3310810810810811,
    "profit_factor": 0.9521624282151342,
    "avg_win": 44.75222113339926,
    "avg_loss": -23.26293139854855,
    "num_trades": 296,
    "num_wins": 98,
    "num_losses": 198.0,
    "avg_bars_held": 172.42905405405406,
    "exposure_pct_avg": 0.365902073226481,
    "final_equity": 12384.538221186102,
    "initial_capital": 10000.0
  },
  "val": {
    "total_return": 0.447405859834932,
    "annual_return": NaN,
    "annual_volatility": 4.889923252761121,
    "sharpe_ratio": NaN,
    "sortino_ratio": NaN,
    "calmar_ratio": NaN,
    "max_drawdown": -0.37466779302514003,
    "max_drawdown_duration_bars": 111,
    "win_rate": 0.39285714285714285,
    "profit_factor": 1.2161255900145342,
    "avg_win": 52.65305528181594,
    "avg_loss": -28.014889486433493,
    "num_trades": 84,
    "num_wins": 33,
    "num_losses": 51.0,
    "avg_bars_held": 138.10714285714286,
    "exposure_pct_avg": 0.4038416828885933,
    "final_equity": 14474.05859834932,
    "initial_capital": 10000.0
  },
  "test": {
    "total_return": -0.02848790079584218,
    "annual_return": NaN,
    "annual_volatility": 4.147532943990269,
    "sharpe_ratio": NaN,
    "sortino_ratio": NaN,
    "calmar_ratio": NaN,
    "max_drawdown": -0.39274199386206116,
    "max_drawdown_duration_bars": 494,
    "win_rate": 0.30578512396694213,
    "profit_factor": 0.8327463345695513,
    "avg_win": 40.55893445864114,
    "avg_loss": -21.45340567527125,
    "num_trades": 121,
    "num_wins": 37,
    "num_losses": 84.0,
    "avg_bars_held": 152.7603305785124,
    "exposure_pct_avg": 0.4989245836912856,
    "final_equity": 9715.120992041579,
    "initial_capital": 10000.0
  }
}