{
  "train": {
    "total_return": -0.8023931601995984,
    "annual_return": -0.9999999999999996,
    "annual_volatility": 2.3126639846102135,
    "sharpe_ratio": -0.43240176984402856,
    "sortino_ratio": -0.2963394029328309,
    "calmar_ratio": -1.2459394220071367,
    "max_drawdown": -0.8026072394346886,
    "max_drawdown_duration_bars": 377,
    "win_rate": 0.2916666666666667,
    "profit_factor": 0.3556402361795503,
    "avg_win": 7.51976056199809,
    "avg_loss": -8.706472668502029,
    "num_trades": 24,
    "num_wins": 7,
    "num_losses": 17.0,
    "avg_bars_held": 155.625,
    "exposure_pct_avg": 0.21743155804370257,
    "final_equity": 1976.068398004016,
    "initial_capital": 10000.0
  },
  "val": {
    "total_return": -0.6747554855354205,
    "annual_return": -1.0,
    "annual_volatility": 2.836107689599756,
    "sharpe_ratio": -0.3525959199881879,
    "sortino_ratio": -0.24373883716781428,
    "calmar_ratio": -1.4812297376860335,
    "max_drawdown": -0.6751147202608778,
    "max_drawdown_duration_bars": 124,
    "win_rate": 0.3333333333333333,
    "profit_factor": 1.218695270034496,
    "avg_win": 25.050143578600057,
    "avg_loss": -10.277443506402957,
    "num_trades": 6,
    "num_wins": 2,
    "num_losses": 4.0,
    "avg_bars_held": 151.0,
    "exposure_pct_avg": 0.4372136399033911,
    "final_equity": 3252.445144645795,
    "initial_capital": 10000.0
  },
  "test": {
    "total_return": -0.48374654914854265,
    "annual_return": -1.0,
    "annual_volatility": 1.8560775082868068,
    "sharpe_ratio": -0.5387706038865899,
    "sortino_ratio": -0.3782661452234163,
    "calmar_ratio": -2.0575243446658242,
    "max_drawdown": -0.48602098079302014,
    "max_drawdown_duration_bars": 128,
    "win_rate": 0.25,
    "profit_factor": 0.6885285564681872,
    "avg_win": 25.22007839374894,
    "avg_loss": -12.20965015748731,
    "num_trades": 4,
    "num_wins": 1,
    "num_losses": 3.0,
    "avg_bars_held": 138.5,
    "exposure_pct_avg": 0.12878396145747764,
    "final_equity": 5162.534508514574,
    "initial_capital": 10000.0
  }
}