{
  "total_return": 0.22100476396139213,
  "annual_return": 77.41049832187838,
  "annual_volatility": 2.028576974085363,
  "sharpe_ratio": 38.1600004884118,
  "sortino_ratio": 41.48009593996902,
  "calmar_ratio": 283.5862345007733,
  "max_drawdown": -0.2729698726673113,
  "max_drawdown_duration_bars": 329,
  "win_rate": 0.3972602739726027,
  "profit_factor": 1.151593548869982,
  "avg_win": 23.65926170096999,
  "avg_loss": -13.540892373193213,
  "num_trades": 73,
  "num_wins": 29,
  "num_losses": 44.0,
  "avg_bars_held": 144.013698630137,
  "exposure_pct_avg": 0.2838735721811786,
  "final_equity": 12210.047639613922,
  "initial_capital": 10000.0
}