{
  "train": {
    "total_return": 0.001625047528992729,
    "annual_return": NaN,
    "annual_volatility": 0.0198420307184987,
    "sharpe_ratio": NaN,
    "sortino_ratio": NaN,
    "calmar_ratio": NaN,
    "max_drawdown": -0.007794232473984853,
    "max_drawdown_duration_bars": 1103,
    "win_rate": 0.4,
    "profit_factor": 1.2605139430992307,
    "avg_win": 39.31449971785011,
    "avg_loss": -20.792841381924685,
    "num_trades": 5,
    "num_wins": 2,
    "num_losses": 3.0,
    "avg_bars_held": 103.6,
    "exposure_pct_avg": 0.0020065710970151233,
    "final_equity": 10016.250475289928,
    "initial_capital": 10000.0
  },
  "val": {
    "total_return": 0.0016255176545840744,
    "annual_return": NaN,
    "annual_volatility": 0.02922368639086614,
    "sharpe_ratio": NaN,
    "sortino_ratio": NaN,
    "calmar_ratio": NaN,
    "max_drawdown": -0.004630801196547167,
    "max_drawdown_duration_bars": 516,
    "win_rate": 0.4,
    "profit_factor": 1.261253409217582,
    "avg_win": 39.23756803265652,
    "avg_loss": -20.73998650649041,
    "num_trades": 5,
    "num_wins": 2,
    "num_losses": 3.0,
    "avg_bars_held": 108.2,
    "exposure_pct_avg": 0.008771592745343301,
    "final_equity": 10016.255176545841,
    "initial_capital": 10000.0
  },
  "test": {
    "total_return": -0.01035787714175962,
    "annual_return": NaN,
    "annual_volatility": 0.028274505083547553,
    "sharpe_ratio": NaN,
    "sortino_ratio": NaN,
    "calmar_ratio": NaN,
    "max_drawdown": -0.01061601875122694,
    "max_drawdown_duration_bars": 495,
    "win_rate": 0.0,
    "profit_factor": 0.0,
    "avg_win": 0.0,
    "avg_loss": -20.71575428351948,
    "num_trades": 5,
    "num_wins": 0,
    "num_losses": 5.0,
    "avg_bars_held": 109.8,
    "exposure_pct_avg": 0.01025858014728995,
    "final_equity": 9896.421228582403,
    "initial_capital": 10000.0
  }
}