{
  "train": {
    "total_return": -0.031762443019197395,
    "annual_return": NaN,
    "annual_volatility": 4.145363774965349,
    "sharpe_ratio": NaN,
    "sortino_ratio": NaN,
    "calmar_ratio": NaN,
    "max_drawdown": -0.4018024544576928,
    "max_drawdown_duration_bars": 1034,
    "win_rate": 0.3082191780821918,
    "profit_factor": 0.8556082602713985,
    "avg_win": 42.21080693670206,
    "avg_loss": -21.980614310399766,
    "num_trades": 146,
    "num_wins": 45,
    "num_losses": 101.0,
    "avg_bars_held": 122.28082191780823,
    "exposure_pct_avg": 0.1798637863516304,
    "final_equity": 9682.375569808026,
    "initial_capital": 10000.0
  },
  "val": {
    "total_return": 0.5104493740789433,
    "annual_return": NaN,
    "annual_volatility": 2.726999522333537,
    "sharpe_ratio": NaN,
    "sortino_ratio": NaN,
    "calmar_ratio": NaN,
    "max_drawdown": -0.36841306738870383,
    "max_drawdown_duration_bars": 449,
    "win_rate": 0.46153846153846156,
    "profit_factor": 1.5685003202443262,
    "avg_win": 44.919782128720584,
    "avg_loss": -24.547441845627823,
    "num_trades": 39,
    "num_wins": 18,
    "num_losses": 21.0,
    "avg_bars_held": 138.05128205128204,
    "exposure_pct_avg": 0.2852594717266378,
    "final_equity": 15104.493740789434,
    "initial_capital": 10000.0
  },
  "test": {
    "total_return": -0.02961939255646029,
    "annual_return": NaN,
    "annual_volatility": 2.9056429909291777,
    "sharpe_ratio": NaN,
    "sortino_ratio": NaN,
    "calmar_ratio": NaN,
    "max_drawdown": -0.2655595009878128,
    "max_drawdown_duration_bars": 270,
    "win_rate": 0.25,
    "profit_factor": 0.6312113533011225,
    "avg_win": 42.24663870682707,
    "avg_loss": -22.30982194573693,
    "num_trades": 48,
    "num_wins": 12,
    "num_losses": 36.0,
    "avg_bars_held": 125.64583333333333,
    "exposure_pct_avg": 0.22237048696610784,
    "final_equity": 9703.806074435397,
    "initial_capital": 10000.0
  }
}