{
  "label": "wf90_v030_best",
  "interval": "1h",
  "n_windows": 4,
  "oos_wins": 4,
  "oos_win_rate": 1.0,
  "avg_train_return": 0.06688730155275785,
  "avg_oos_return": 0.06442262994400949,
  "compounded_oos": 0.33081222722091574,
  "train_oos_gap": 0.002464671608748359,
  "verdict": "\ud83d\udfe2 ROBUST EDGE: profitable in >60% of OOS windows with positive avg return"
}